<?xml version="1.0" encoding="UTF-8" standalone="yes"?>
<manifest>
  <control namespace="AC" constructor="BingAddressAutocomplete" version="0.0.17" display-name-key="Bing Address Autocomplete" description-key="Use this control to enable address autocomplete feature powered by Bing Maps API" control-type="standard" api-version="1.2.1">
    <property name="value" display-name-key="Full Address" description-key="Full Address" of-type="SingleLine.Text" usage="bound" required="true"/>
    <property name="bingapidevkey" display-name-key="Bing Api Key (Dev)" description-key="Enter valid Bing API Key to enable address autocomplete functionality for Dev" of-type="SingleLine.Text" usage="input" required="true"/>
    <property name="bingapiprodkey" display-name-key="Bing Api Key (Prod)" description-key="Enter valid Bing API Key to enable address autocomplete functionality for Prod" of-type="SingleLine.Text" usage="input" required="true"/>
    <property name="street" display-name-key="Street" description-key="Street" of-type="SingleLine.Text" usage="bound" required="true"/>
    <property name="city" display-name-key="City" description-key="City" of-type="SingleLine.Text" usage="bound" required="true"/>
    <property name="county" display-name-key="County" description-key="County" of-type="SingleLine.Text" usage="bound" required="true"/>
    <property name="state" display-name-key="State/Region" description-key="State/Region" of-type="SingleLine.Text" usage="bound" required="true"/>
    <property name="zipcode" display-name-key="Zip Code" description-key="Zip Code" of-type="SingleLine.Text" usage="bound" required="true"/>
    <property name="country" display-name-key="Country" description-key="Country" of-type="SingleLine.Text" usage="bound" required="true"/>
    <property name="countrycode" display-name-key="Country Code" description-key="Country Code" of-type="SingleLine.Text" usage="bound" required="true"/>
    <property name="latitude" display-name-key="Latitude" description-key="latitude" of-type="FP" usage="bound" required="true"/>
    <property name="longitude" display-name-key="Longitude" description-key="longitude" of-type="FP" usage="bound" required="true"/>
    <property name="isproductionbingkey" display-name-key="Is Production Bing Key" description-key="isproductionbingkey" of-type="TwoOptions" usage="bound" required="true"/>
    <resources>
      <code path="bundle.js" order="1"/>
      <css path="css/AddressAutocomplete.css" order="1"/>
    </resources>
    <feature-usage>
      <uses-feature name="WebAPI" required="true"/>
    </feature-usage>
    <built-by name="pac" version="1.3.1"/>
  </control>
</manifest>